Jose,6074346
Juan,3236528
Luis,1593310
Francisco,1440168
Jesus,1407361
Jorge,1264867
Miguel,1248459
Carlos,1164234
Pedro,848200
Manuel,821946
Victor,818921
Antonio,768539
Alejandro,713453
Mario,674143
Roberto,668583
Ricardo,586694
Fernando,577639
Javier,555120
Sergio,554112
Martin,552430
Oscar,526535
Daniel,524362
Hector,524276
Raul,501509
Eduardo,500203
Rafael,480914
David,474489
Arturo,458275
Julio,455199
Gerardo,452925
Enrique,431002
Angel,421164
Sandra,414529
Alberto,413498
Marco,406844
Felipe,396531
Armando,386100
Alfredo,384962
Salvador,379261
Cesar,377383
Jaime,371304
Ramon,359269
Edgar,354490
Guillermo,349084
Pablo,339981
Ruben,339131
Andres,309650
Gabriel,305529
Gustavo,282563
Alfonso,260773
Hugo,251771
Agustin,251432
Ernesto,251407
Ignacio,250310
Omar,248027
Rogelio,234732
Rodolfo,231937
Gilberto,218334
Adrian,217076
Vicente,216273
Tomas,209363
Israel,206305
Joel,199930
Marcos,198216
Humberto,191862
Santiago,190264
Ismael,187250
Felix,184628
Ivan,173881
Esteban,173324
Gregorio,173069
Moises,166576
Nicolas,164938
Lorenzo,164091
Rodrigo,162565
Leonardo,159320
Samuel,158338
Abel,152239
Saul,148121
Diego,146737
Ramiro,145215
Isidro,140439
Rene,138702
Raymundo,138379
Abraham,136233
Benjamin,135957
Joaquin,135632
Noe,133299
Alvaro,133208
Mauricio,132791
Santos,131480
Benito,130345
Fidel,127207
Christian,126231
Gonzalo,125351
Julian,124613
Domingo,121272
Rigoberto,121056
Efrain,119257
Margarito,114427
Adolfo,112444
Federico,111485
Marcelino,110816
Emilio,109696
German,109150
Cruz,108976
Adan,106218
Octavio,104499
Bernardo,104228
Erick,102755
Jonathan,102031
Elias,101104
Aurelio,100568
Heriberto,99168
Josue,99002
Genaro,98480
Roman,89430
Hilario,89186
Lucio,87604
Mariano,83898
Valentin,82864
Efren,82520
Trinidad,81284
Isaias,79745
Emmanuel,78969
Arnulfo,78814
Lazaro,76463
Pascual,75811
Leopoldo,73366
Porfirio,73288
Sebastian,73154
Faustino,72588
Reynaldo,71740
Leonel,70600
Fabian,70232
Mauro,69274
Mária,68775
Ezequiel,67621
Isaac,67320
Rolando,67015
Eliseo,66295
Filiberto,65142
Simon,63396
Nestor,63084
Fermin,62023
Florencio,61385
Marcelo,61146
Erik,61078
Aaron,60467
Cristian,60024
Eleazar,59760
Cirilo,59103
Florentino,57683
Rosendo,57649
Eugenio,57594
Delfino,57052
Feliciano,56942
Ulises,56712
Reyes,56282
Leobardo,56187
Eusebio,55946
Artemio,55616
Claudio,54703
Mateo,54325
Orlando,54190
Refugio,54063
Maximino,53552
Norberto,52641
Horacio,52577
Jacinto,52569
Luciano,52261
Alan,52161
Gabino,51758
Fausto,51673
Cristobal,51016
Teodoro,50498
Aldo,48872
Apolinar,47905
Silvestre,47852
Amado,47549
Clemente,47302
Everardo,46559
Hipolito,46464
Salomon,45518
Bonifacio,45474
Uriel,44962
Emiliano,44699
Anastacio,44100
Paulino,43898
Bernardino,43679
Jeronimo,42886
Celso,42329
Erasmo,42092
Eric,41968
Osvaldo,41909
Demetrio,41689
Alonso,41051
Eloy,40432
Juventino,40270
Misael,40155
Candelario,40125
Adalberto,39440
Candido,39282
Edmundo,39219
Víctor,38914
Epifanio,38884
Sérgio,38427
Modesto,38355
Cecilio,38072
Rufino,37999
Anselmo,37494
Eleuterio,37386
Fidencio,37252
Braulio,37028
Dario,36902
Rosalio,36500
Oswaldo,36450
Ubaldo,36289
Silverio,35973
Macario,35376
Constantino,35347
Bernabe,35059
Abelardo,34987
Baltazar,34734
Magdaleno,34642
Fredy,34497
Sabino,34154
Evaristo,34063
Celestino,33752
Cornelio,33284
Justino,33106
Patricio,31947
Marcial,31927
Bartolo,31165
Benigno,30392
Lino,30255
Carmelo,29578
Jacobo,29295
Serafin,29185
Fortino,29135
Camilo,29111
José,29039
Gaspar,28919
Ciro,28876
Filemon,28817
Maximo,28631
Narciso,28380
Cipriano,28324
Dionicio,28294
Flavio,28245
Irving,28181
Óscar,28018
Damian,27736
Gildardo,27659
Edwin,26945
Herminio,26353
Lauro,26020
Lucas,25852
Crescencio,25771
Victoriano,25740
Homero,24867
Aristeo,24734
Geronimo,24619
Rey,24462
Gaudencio,24265
Blas,24165
Teofilo,24100
Bruno,24094
Isidoro,23957
Jairo,23722
Zeferino,23646
Sixto,23370
Venancio,23306
Eladio,23040
Inocencio,22933
Vidal,22933
Hermenegildo,22739
Noel,22738
Ariel,22682
Ascencion,22509
Albino,22506
Timoteo,22353
Bulmaro,22105
Aureliano,22039
Amador,21979
Eulogio,21979
Maximiliano,21903
Valente,21899
Meliton,21882
Hernan,21864
Eligio,21707
Primitivo,21606
César,21598
Eder,21454
Victorino,21443
Servando,21380
Crispin,21178
Maurilio,20934
Eulalio,20743
Cuauhtemoc,20643
Apolonio,20637
Odilon,20517
Hermilo,20430
António,20377
Roque,20229
Virgilio,20094
Higinio,20076
Catarino,20039
Matias,20033
Severiano,19932
Nazario,19744
Urbano,19676
Ruperto,19186
Dagoberto,19166
Edilberto,19141
William,18813
Elpidio,18686
Saturnino,18637
Honorio,18590
Silvano,18590
Alexis,18573
Leon,18563
Edgardo,18472
Alejo,18432
Paulo,18214
Juvenal,18092
Roger,18071
Nelson,18013
Marciano,17968
Silvino,17936
Julião,17928
Paul,17742
Arnoldo,17708
Conrado,17697
Placido,17689
Romeo,17524
Justo,17433
Zenon,17391
Melquiades,17136
Librado,17076
Leonides,16965
Arcadio,16912
Donaciano,16891
Irineo,16865
Leandro,16798
Leoncio,16761
Cosme,16708
Patrícia,16660
Romualdo,16586
Asuncion,16557
Ventura,16481
Freddy,16381
Basilio,16121
Tiburcio,16015
Cayetano,15964
Wilfrido,15921
Aniceto,15890
Emigdio,15841
Perfecto,15821
Casimiro,15796
Erasto,15718
Octaviano,15713
Froylan,15692
Wenceslao,15597
Donato,15390
Sotero,15162
Abundio,15104
Facundo,15042
Fortunato,15009
Rosalino,14985
Crisoforo,14735
Ranulfo,14516
Melchor,14448
Alex,14447
Olegario,14435
Tereso,14392
Dionisio,14320
Renato,14309
Baldomero,14121
Onesimo,14113
Ausencio,13958
Giovanni,13923
Augusto,13900
Gamaliel,13839
Severo,13807
Panfilo,13699
Nabor,13697
Ing,13604
Emanuel,13590
Ambrosio,13562
Walter,13531
Liborio,13347
Doroteo,13305
Jonatan,13231
Juvencio,13231
Isai,13197
Cristhian,13190
Telesforo,13152
Encarnacion,13109
Antonino,13031
Neftali,12854
Cesareo,12819
Obed,12756
Inocente,12747
Brigido,12646
Rito,12645
Sabas,12635
Jair,12610
Galdino,12453
Ildefonso,12426
Agapito,12287
Estanislao,12279
Avelino,12270
Emeterio,12266
Otilio,12190
Tito,12189
Gil,12168
Toribio,12146
Hermelindo,12044
Jacob,12021
Ponciano,12000
Teodulo,11911
Calixto,11852
Regino,11829
Silviano,11781
Alexander,11758
Cristino,11698
Reymundo,11620
Eustaquio,11551
Maurício,11475
Álvaro,11473
Floriberto,11455
Remigio,11388
Martiniano,11289
Isauro,11181
Antelmo,11156
Gelacio,11105
Michel,11076
Marino,11004
Eli,10948
Prisciliano,10879
Oliver,10867
Romulo,10841
Pastor,10800
Camerino,10743
Zacarias,10716
Dante,10688
Wilbert,10685
Celerino,10664
Esau,10605
Anibal,10597
Cresencio,10531
Lic,10499
Heliodoro,10474
Cutberto,10460
Milton,10425
Amadeo,10372
Leodegario,10349
Oliverio,10337
Amando,10151
Franco,10119
Atanacio,10104
Evodio,10099
Ambrocio,10066
Eliazar,9987
Gumaro,9881
Edson,9826
Baldemar,9791
Abelino,9790
Catalino,9779
Eliud,9748
Nahum,9667
Ever,9641
